Feature.ID,Taxon,Confidence,Kingdom,Phylum,Class,Order,Family,Genus,Species,otu_occ,otu_rel,fill
922cd384f0647e99ecc3516985ca419c,Bacteria; Firmicutes; Bacilli; Lactobacillales; Streptococcaceae; Lactococcus,0.99985529100722,Bacteria, Firmicutes, Bacilli, Lactobacillales, Streptococcaceae, Lactococcus,NA,0.516129032258065,0.097873137060071,core
9e3fc5c932d72e0fb9da6bd733c195bd,Bacteria; Firmicutes; Bacilli; Lactobacillales; Streptococcaceae; Lactococcus,0.99981975837332,Bacteria, Firmicutes, Bacilli, Lactobacillales, Streptococcaceae, Lactococcus,NA,0.483870967741935,0.0892142429754478,core
0406ed4809981af122b01a6c51679137,Bacteria; Firmicutes; Bacilli; Lactobacillales; Streptococcaceae; Lactococcus,0.99989062083493,Bacteria, Firmicutes, Bacilli, Lactobacillales, Streptococcaceae, Lactococcus,NA,0.483870967741935,0.0734563429671319,core
7902ca8c40015f1548b0e63199f475bb,Bacteria; Firmicutes; Bacilli; Lactobacillales; Streptococcaceae; Lactococcus,0.999798724613508,Bacteria, Firmicutes, Bacilli, Lactobacillales, Streptococcaceae, Lactococcus,NA,0.483870967741935,0.0757550777651727,core
9c362874fdcc76590e95b454d49f9f2b,Bacteria; Proteobacteria; Gammaproteobacteria; Pseudomonadales; Pseudomonadaceae; Pseudomonas,0.999917849185235,Bacteria, Proteobacteria, Gammaproteobacteria, Pseudomonadales, Pseudomonadaceae, Pseudomonas,NA,0.483870967741935,0.125826195946164,core
efc14407e60710557f793c3440ae2710,Bacteria; Proteobacteria; Gammaproteobacteria; Pseudomonadales; Pseudomonadaceae; Pseudomonas,0.999829709253117,Bacteria, Proteobacteria, Gammaproteobacteria, Pseudomonadales, Pseudomonadaceae, Pseudomonas,NA,0.419354838709677,0.0624368024853578,core
c963b4292285587ec5a308bd5032cc0a,Bacteria; Proteobacteria; Gammaproteobacteria; Pseudomonadales; Pseudomonadaceae; Pseudomonas,0.999858261870596,Bacteria, Proteobacteria, Gammaproteobacteria, Pseudomonadales, Pseudomonadaceae, Pseudomonas,NA,0.451612903225806,0.0521805438815098,core
8cd9dbee9127fd3deb2d41285c3b6824,Bacteria; Proteobacteria; Gammaproteobacteria; Pseudomonadales; Pseudomonadaceae; Pseudomonas,0.999935125156518,Bacteria, Proteobacteria, Gammaproteobacteria, Pseudomonadales, Pseudomonadaceae, Pseudomonas,NA,0.451612903225806,0.0507914686712363,no
4cf095d0059c417d00e96a450c061caf,Bacteria; Proteobacteria; Gammaproteobacteria; Pseudomonadales; Moraxellaceae; Psychrobacter,0.999960412514578,Bacteria, Proteobacteria, Gammaproteobacteria, Pseudomonadales, Moraxellaceae, Psychrobacter,NA,0.161290322580645,0.00607121681893688,no
cdab3ceff641ff801eba271a4019bdbe,Bacteria; Proteobacteria; Gammaproteobacteria; Pseudomonadales; Moraxellaceae; Psychrobacter,0.999949877203516,Bacteria, Proteobacteria, Gammaproteobacteria, Pseudomonadales, Moraxellaceae, Psychrobacter,NA,0.193548387096774,0.00531713987059524,no
e2ac46c0947692441703df4bf0d3277d,Bacteria; Firmicutes; Bacilli; Staphylococcales; Staphylococcaceae; Staphylococcus,0.985882927538629,Bacteria, Firmicutes, Bacilli, Staphylococcales, Staphylococcaceae, Staphylococcus,NA,0.387096774193548,0.021356114446973,no
fe31c416ee1e4982359c6644943f2b1b,Bacteria; Proteobacteria; Gammaproteobacteria; Burkholderiales; Comamonadaceae,0.999960890688724,Bacteria, Proteobacteria, Gammaproteobacteria, Burkholderiales, Comamonadaceae,NA,NA,0.32258064516129,0.0171510286573474,no
5eaed2335f1c5b2f494c10750a42c1a1,Bacteria; Proteobacteria; Gammaproteobacteria; Pseudomonadales; Moraxellaceae; Psychrobacter,0.999953336196777,Bacteria, Proteobacteria, Gammaproteobacteria, Pseudomonadales, Moraxellaceae, Psychrobacter,NA,0.193548387096774,0.00448278258601848,no
311030dd3480b4be74d627d8f927c1cb,Bacteria; Firmicutes; Bacilli; Lactobacillales; Streptococcaceae; Streptococcus,0.999979575904058,Bacteria, Firmicutes, Bacilli, Lactobacillales, Streptococcaceae, Streptococcus,NA,0.0645161290322581,0.0141628603157463,no
8b45187cf1a89413e03fa31f05efb1ae,Bacteria; Firmicutes; Bacilli; Lactobacillales; Listeriaceae; Brochothrix,0.953479747595548,Bacteria, Firmicutes, Bacilli, Lactobacillales, Listeriaceae, Brochothrix,NA,0.290322580645161,0.00308953908334171,no
9e0e2d88b2bf942b08bd007d5f89bd50,Bacteria; Firmicutes; Bacilli; Staphylococcales; Staphylococcaceae; Staphylococcus,0.985500875985471,Bacteria, Firmicutes, Bacilli, Staphylococcales, Staphylococcaceae, Staphylococcus,NA,0.225806451612903,0.00763821358948863,no
45b3c16654b9511c4f886af3736a68c9,Bacteria; Actinobacteriota; Actinobacteria; Corynebacteriales; Corynebacteriaceae; Corynebacterium,0.999925577057897,Bacteria, Actinobacteriota, Actinobacteria, Corynebacteriales, Corynebacteriaceae, Corynebacterium,NA,0.161290322580645,0.00646878793263642,no
972c2817d33e45bc58a916910c8dd269,Bacteria; Firmicutes; Bacilli; Lactobacillales; Listeriaceae; Brochothrix,0.958082985806042,Bacteria, Firmicutes, Bacilli, Lactobacillales, Listeriaceae, Brochothrix,NA,0.193548387096774,0.00270758466944226,no
5d3a9d5b2ff75691c12184ff3790e4fe,Bacteria; Firmicutes; Bacilli; Lactobacillales; Listeriaceae; Brochothrix,0.959599528709027,Bacteria, Firmicutes, Bacilli, Lactobacillales, Listeriaceae, Brochothrix,NA,0.290322580645161,0.00272138758611978,no
4a111a6f0220793b852337b8aea50089,Bacteria; Proteobacteria; Gammaproteobacteria; Burkholderiales; Comamonadaceae; Acidovorax,0.760335703645443,Bacteria, Proteobacteria, Gammaproteobacteria, Burkholderiales, Comamonadaceae, Acidovorax,NA,0.161290322580645,0.00662691025217892,no
9b39c8e84916c9361ccd8935ae86f7f8,Bacteria; Firmicutes; Bacilli; Lactobacillales; Streptococcaceae; Streptococcus,0.995914355937364,Bacteria, Firmicutes, Bacilli, Lactobacillales, Streptococcaceae, Streptococcus,NA,0.258064516129032,0.00551181952624732,no
5ec606a159715a657f824a672d832157,Bacteria; Actinobacteriota; Actinobacteria; Corynebacteriales; Corynebacteriaceae; Corynebacterium,0.999880544800819,Bacteria, Actinobacteriota, Actinobacteria, Corynebacteriales, Corynebacteriaceae, Corynebacterium,NA,0.0645161290322581,0.00542991500748731,no
892e879d9828aa79be0e2dd6fe6ff548,Bacteria; Firmicutes; Bacilli; Lactobacillales; Streptococcaceae; Streptococcus,0.995881296402584,Bacteria, Firmicutes, Bacilli, Lactobacillales, Streptococcaceae, Streptococcus,NA,0.225806451612903,0.00577995858810957,no
b344eccd0e4129fc4242cc3890a38e26,Bacteria; Proteobacteria; Gammaproteobacteria; Pseudomonadales; Pseudomonadaceae; Pseudomonas,0.998167834440496,Bacteria, Proteobacteria, Gammaproteobacteria, Pseudomonadales, Pseudomonadaceae, Pseudomonas,NA,0.225806451612903,0.00242736476906706,no
f88742e23b49bdc1e3b6e243e3348166,Bacteria; Proteobacteria; Gammaproteobacteria; Pseudomonadales; Moraxellaceae; Psychrobacter,0.99923092028475,Bacteria, Proteobacteria, Gammaproteobacteria, Pseudomonadales, Moraxellaceae, Psychrobacter,NA,0.258064516129032,0.00217056990509316,no
f3f7c6d70ccba7bc330de85e9e6bfcc5,Bacteria; Proteobacteria; Gammaproteobacteria; Pseudomonadales; Pseudomonadaceae; Pseudomonas,0.99957822822947,Bacteria, Proteobacteria, Gammaproteobacteria, Pseudomonadales, Pseudomonadaceae, Pseudomonas,NA,0.193548387096774,0.00174364007874543,no
14b90e65166441c66bb1045ae04b3067,Bacteria; Proteobacteria; Gammaproteobacteria; Burkholderiales; Comamonadaceae; Acidovorax,0.764385548814448,Bacteria, Proteobacteria, Gammaproteobacteria, Burkholderiales, Comamonadaceae, Acidovorax,NA,0.193548387096774,0.00593767408017234,no
12bc0e6534c02e303e14807e73a7f2f2,Bacteria; Actinobacteriota; Actinobacteria; Corynebacteriales; Corynebacteriaceae; Corynebacterium,0.910684427842926,Bacteria, Actinobacteriota, Actinobacteria, Corynebacteriales, Corynebacteriaceae, Corynebacterium,NA,0.225806451612903,0.00401094782994385,no
81d5e5a632cc0a4a29f834e8da03950f,Bacteria; Proteobacteria; Gammaproteobacteria; Pseudomonadales; Pseudomonadaceae; Pseudomonas,0.999422594963158,Bacteria, Proteobacteria, Gammaproteobacteria, Pseudomonadales, Pseudomonadaceae, Pseudomonas,NA,0.0967741935483871,0.00113084231923307,no
23e295d4b8b212637efc273e28f07cc8,Bacteria; Actinobacteriota; Actinobacteria; Corynebacteriales; Corynebacteriaceae; Corynebacterium,0.999913850051177,Bacteria, Actinobacteriota, Actinobacteria, Corynebacteriales, Corynebacteriaceae, Corynebacterium,NA,0.0645161290322581,0.00404356372358273,no
d5f72f65403b52c0ca10b6c7eb22aaea,Bacteria; Proteobacteria; Gammaproteobacteria; Enterobacterales; Yersiniaceae,0.897796866300489,Bacteria, Proteobacteria, Gammaproteobacteria, Enterobacterales, Yersiniaceae,NA,NA,0.161290322580645,0.00253805683061591,no
4bf8b5c1587fdb5ee7395cb39cb6ee1a,Bacteria; Proteobacteria; Gammaproteobacteria; Pseudomonadales; Pseudomonadaceae; Pseudomonas,0.999446506691233,Bacteria, Proteobacteria, Gammaproteobacteria, Pseudomonadales, Pseudomonadaceae, Pseudomonas,NA,0.161290322580645,0.0015495734461905,no
49632e7b6e6f10664e8d471cfcecc987,Bacteria; Proteobacteria; Gammaproteobacteria; Burkholderiales; Comamonadaceae; Acidovorax,0.716242539600485,Bacteria, Proteobacteria, Gammaproteobacteria, Burkholderiales, Comamonadaceae, Acidovorax,NA,0.161290322580645,0.00537869991623559,no
81ded12588a6b368dc02e50cca97711b,Bacteria; Proteobacteria; Gammaproteobacteria; Enterobacterales,0.999172182099399,Bacteria, Proteobacteria, Gammaproteobacteria, Enterobacterales,NA,NA,NA,0.0967741935483871,0.00233519604355831,no
89a37450bc9acf700354c15eeaf4a976,Bacteria; Actinobacteriota; Actinobacteria; Micrococcales; Micrococcaceae,0.999948245802752,Bacteria, Actinobacteriota, Actinobacteria, Micrococcales, Micrococcaceae,NA,NA,0.129032258064516,0.00173053282207325,no
e1b6c9a7589185b9df6d939d05af6279,Bacteria; Actinobacteriota; Actinobacteria; Micrococcales; Micrococcaceae,0.999941968456089,Bacteria, Actinobacteriota, Actinobacteria, Micrococcales, Micrococcaceae,NA,NA,0.161290322580645,0.00128648034618125,no
be1418b73cdebad7075c1ed8b9f8dadb,Bacteria; Firmicutes; Bacilli; Lactobacillales; Streptococcaceae; Streptococcus,0.996670586475126,Bacteria, Firmicutes, Bacilli, Lactobacillales, Streptococcaceae, Streptococcus,NA,0.225806451612903,0.00628807202343635,no
fea2a3e5c7eb593d2f96ab5dab318d70,Bacteria; Proteobacteria; Gammaproteobacteria; Enterobacterales; Yersiniaceae; Serratia,0.711833025984138,Bacteria, Proteobacteria, Gammaproteobacteria, Enterobacterales, Yersiniaceae, Serratia,NA,0.129032258064516,0.00193430738178085,no
1d6550ffe179ff74b310e60472fc8707,Bacteria; Proteobacteria; Gammaproteobacteria; Pseudomonadales; Moraxellaceae; Acinetobacter,0.999982360137762,Bacteria, Proteobacteria, Gammaproteobacteria, Pseudomonadales, Moraxellaceae, Acinetobacter,NA,0.129032258064516,0.00256437102693697,no
9ecd1d27833293ce81217c85e3733d9f,Bacteria; Proteobacteria; Gammaproteobacteria; Enterobacterales; Yersiniaceae,0.887173065205951,Bacteria, Proteobacteria, Gammaproteobacteria, Enterobacterales, Yersiniaceae,NA,NA,0.129032258064516,0.00252131560501089,no
9ec8119e9d0a29a043b93ed61bc5d0bf,Bacteria; Firmicutes; Bacilli; Lactobacillales; Lactobacillaceae; Lactobacillus,0.998887340215318,Bacteria, Firmicutes, Bacilli, Lactobacillales, Lactobacillaceae, Lactobacillus,NA,0.0967741935483871,0.00073789778325046,no
3b4ba797244ecf2d19aaaf3bdaf02524,Bacteria; Proteobacteria; Gammaproteobacteria; Pseudomonadales; Moraxellaceae; Acinetobacter,0.992136424963295,Bacteria, Proteobacteria, Gammaproteobacteria, Pseudomonadales, Moraxellaceae, Acinetobacter,NA,0.161290322580645,0.00730412205937498,no
cc193b0cc75d4086d60d3fbe2077cced,Bacteria; Proteobacteria; Gammaproteobacteria; Pseudomonadales; Pseudomonadaceae; Pseudomonas,0.998919722159841,Bacteria, Proteobacteria, Gammaproteobacteria, Pseudomonadales, Pseudomonadaceae, Pseudomonas,NA,0.0967741935483871,0.000925942599072449,no
bb64d78c4771ce2e2d138732888085ed,Bacteria; Proteobacteria; Gammaproteobacteria; Burkholderiales; Neisseriaceae; Neisseria,0.998039925955363,Bacteria, Proteobacteria, Gammaproteobacteria, Burkholderiales, Neisseriaceae, Neisseria,NA,0.161290322580645,0.00630165759537834,no
ba6672fc5b80f341159c2bbf3f23803f,Bacteria; Proteobacteria; Gammaproteobacteria; Burkholderiales; Neisseriaceae; Neisseria,0.997729153003461,Bacteria, Proteobacteria, Gammaproteobacteria, Burkholderiales, Neisseriaceae, Neisseria,NA,0.129032258064516,0.00417003096658582,no
05647c89ff9743822a21ba95614c51df,Bacteria; Proteobacteria; Gammaproteobacteria; Burkholderiales; Neisseriaceae; Neisseria,0.997758922494765,Bacteria, Proteobacteria, Gammaproteobacteria, Burkholderiales, Neisseriaceae, Neisseria,NA,0.161290322580645,0.00242947006582126,no
f7a5dff8fdbb9125c9c533d40f378399,Bacteria; Actinobacteriota; Actinobacteria; Corynebacteriales; Corynebacteriaceae; Corynebacterium,0.963473630767704,Bacteria, Actinobacteriota, Actinobacteria, Corynebacteriales, Corynebacteriaceae, Corynebacterium,NA,0.0645161290322581,0.00245986308049593,no
c9c7d372cf7c41282b7d76995554873f,Bacteria; Proteobacteria; Gammaproteobacteria; Pseudomonadales; Moraxellaceae; Acinetobacter,0.991612464611934,Bacteria, Proteobacteria, Gammaproteobacteria, Pseudomonadales, Moraxellaceae, Acinetobacter,NA,0.161290322580645,0.00541413073982828,no
6d4bef634d10cc9c126d13b51913579d,Bacteria; Proteobacteria; Gammaproteobacteria; Burkholderiales; Comamonadaceae,0.999864277887667,Bacteria, Proteobacteria, Gammaproteobacteria, Burkholderiales, Comamonadaceae,NA,NA,0.193548387096774,0.0051368603420103,no
13aa81a1fc7d4497dd73d7a7c20a97af,Bacteria; Proteobacteria; Alphaproteobacteria; Rhizobiales; Beijerinckiaceae; 1174-901-12,0.996665310697291,Bacteria, Proteobacteria, Alphaproteobacteria, Rhizobiales, Beijerinckiaceae, 1174-901-12,NA,0.193548387096774,0.00335473930553171,no
3b08c78393faa31bdb9855aad41578db,Bacteria; Proteobacteria; Gammaproteobacteria; Xanthomonadales; Xanthomonadaceae; Stenotrophomonas,0.997594251287924,Bacteria, Proteobacteria, Gammaproteobacteria, Xanthomonadales, Xanthomonadaceae, Stenotrophomonas,NA,0.129032258064516,0.00282812688539423,no
b1edbf09da53e0eeea06b2770fe99f05,Bacteria; Proteobacteria; Gammaproteobacteria; Burkholderiales; Neisseriaceae; Neisseria,0.997585140251416,Bacteria, Proteobacteria, Gammaproteobacteria, Burkholderiales, Neisseriaceae, Neisseria,NA,0.258064516129032,0.00290457901818251,no
ca479a95c5f16e79e33ba0b3211bbf4d,Bacteria; Proteobacteria; Gammaproteobacteria; Pseudomonadales; Moraxellaceae; Acinetobacter,0.989456380956259,Bacteria, Proteobacteria, Gammaproteobacteria, Pseudomonadales, Moraxellaceae, Acinetobacter,NA,0.129032258064516,0.0044835920929535,no
686a95afa05ad0e1e7c9d0771e99643f,Bacteria; Proteobacteria; Alphaproteobacteria; Rhizobiales; Beijerinckiaceae,0.922665052628014,Bacteria, Proteobacteria, Alphaproteobacteria, Rhizobiales, Beijerinckiaceae,NA,NA,0.129032258064516,0.00186472123927764,no
0ca83baa9bd74c7a2444c180245c6f28,Bacteria; Actinobacteriota; Actinobacteria; Corynebacteriales; Corynebacteriaceae; Corynebacterium,0.999901252754573,Bacteria, Actinobacteriota, Actinobacteria, Corynebacteriales, Corynebacteriaceae, Corynebacterium,NA,0.0967741935483871,0.00199992224033116,no
81969153afe66bd1e2dbe69fed67e1a9,Bacteria; Firmicutes; Bacilli; Lactobacillales; Lactobacillaceae; Lactobacillus,0.983678059961336,Bacteria, Firmicutes, Bacilli, Lactobacillales, Lactobacillaceae, Lactobacillus,NA,0.0645161290322581,0.000571321484085731,no
675abb747eabf769b52023d1069048af,Bacteria; Proteobacteria; Gammaproteobacteria; Pasteurellales; Pasteurellaceae,0.999999887189949,Bacteria, Proteobacteria, Gammaproteobacteria, Pasteurellales, Pasteurellaceae,NA,NA,0.161290322580645,0.00193621050774932,no
4f385b35b8b3fc13e9a8bfbdcb83eebf,Bacteria; Firmicutes; Bacilli; Lactobacillales; Lactobacillaceae; Lactobacillus,0.999979554079991,Bacteria, Firmicutes, Bacilli, Lactobacillales, Lactobacillaceae, Lactobacillus,NA,0.193548387096774,0.00151747034738962,no
026b184b7aa9614350a03f21ae4adf7e,Bacteria; Proteobacteria; Gammaproteobacteria; Burkholderiales; Comamonadaceae,0.999903889665877,Bacteria, Proteobacteria, Gammaproteobacteria, Burkholderiales, Comamonadaceae,NA,NA,0.129032258064516,0.00262380633739077,no
0088f707e22c433ce24a0183582bbd76,Bacteria; Proteobacteria; Gammaproteobacteria; Pasteurellales; Pasteurellaceae,0.999999908267955,Bacteria, Proteobacteria, Gammaproteobacteria, Pasteurellales, Pasteurellaceae,NA,NA,0.0967741935483871,0.00176172035347011,no
1519c16cfcff7f50a22beb30661fa4c1,Bacteria; Proteobacteria; Gammaproteobacteria; Burkholderiales; Chromobacteriaceae; Vogesella,0.999895111962312,Bacteria, Proteobacteria, Gammaproteobacteria, Burkholderiales, Chromobacteriaceae, Vogesella,NA,0.0967741935483871,0.00258257632864777,no
3de182ea44e443b8f229456d15967445,Bacteria; Firmicutes; Bacilli; Lactobacillales; Lactobacillaceae; Lactobacillus,0.999958171374643,Bacteria, Firmicutes, Bacilli, Lactobacillales, Lactobacillaceae, Lactobacillus,NA,0.0967741935483871,0.00156039264779982,no
7a5bbcbbcfebe2979a457e33de8b9a55,Bacteria; Proteobacteria; Gammaproteobacteria; Pseudomonadales; Pseudomonadaceae; Pseudomonas,0.985983515647139,Bacteria, Proteobacteria, Gammaproteobacteria, Pseudomonadales, Pseudomonadaceae, Pseudomonas,NA,0.0967741935483871,0.00104481840209625,no
b206ff7f740ab2a298dfd05293174cd8,Bacteria; Bacteroidota; Bacteroidia; Flavobacteriales; Flavobacteriaceae; Flavobacterium,0.999430964136261,Bacteria, Bacteroidota, Bacteroidia, Flavobacteriales, Flavobacteriaceae, Flavobacterium,NA,0.161290322580645,0.00490572306405952,no
dd0d66cce1bab07099849100a13261c2,Bacteria; Proteobacteria; Gammaproteobacteria; Xanthomonadales; Xanthomonadaceae; Stenotrophomonas,0.998053769428185,Bacteria, Proteobacteria, Gammaproteobacteria, Xanthomonadales, Xanthomonadaceae, Stenotrophomonas,NA,0.129032258064516,0.00102376182314641,no
492709e50acb55ba939ce797968726b8,Bacteria; Proteobacteria; Gammaproteobacteria; Pasteurellales; Pasteurellaceae,0.99999983037645,Bacteria, Proteobacteria, Gammaproteobacteria, Pasteurellales, Pasteurellaceae,NA,NA,0.0645161290322581,0.00144068233764655,no
2e93bb8675e404b7b4d705fffd170ba6,Bacteria; Proteobacteria; Gammaproteobacteria; Pseudomonadales; Moraxellaceae; Acinetobacter,0.99442731124621,Bacteria, Proteobacteria, Gammaproteobacteria, Pseudomonadales, Moraxellaceae, Acinetobacter,NA,0.0967741935483871,0.00108694115269446,no
976c29d4a2d86d2fb4555c19a7813807,Bacteria; Proteobacteria; Alphaproteobacteria; Sphingomonadales; Sphingomonadaceae; Sphingomonas,0.911342582548486,Bacteria, Proteobacteria, Alphaproteobacteria, Sphingomonadales, Sphingomonadaceae, Sphingomonas,NA,0.0967741935483871,0.00124747736274856,no
5a73081e770ef3d089fd9c2adef08c33,Bacteria; Proteobacteria; Gammaproteobacteria; Pseudomonadales; Moraxellaceae; Acinetobacter,0.987859963878062,Bacteria, Proteobacteria, Gammaproteobacteria, Pseudomonadales, Moraxellaceae, Acinetobacter,NA,0.129032258064516,0.00127014274136007,no
6db83e552983c386ef33e3cf9a95f85f,Bacteria; Bacteroidota; Bacteroidia; Bacteroidales; Paludibacteraceae,0.921902848289528,Bacteria, Bacteroidota, Bacteroidia, Bacteroidales, Paludibacteraceae,NA,NA,0.0967741935483871,0.00239605794280009,no
92f03bf54895fc00083cfe774b3b9509,Bacteria; Proteobacteria; Alphaproteobacteria; Acetobacterales; Acetobacteraceae,0.999413440561214,Bacteria, Proteobacteria, Alphaproteobacteria, Acetobacterales, Acetobacteraceae,NA,NA,0.0645161290322581,0.00109483243114882,no
3dc617264ac6b0e2f8cb8c2b995f9486,Bacteria; Firmicutes; Bacilli; Staphylococcales; Staphylococcaceae; Staphylococcus,0.988008659855898,Bacteria, Firmicutes, Bacilli, Staphylococcales, Staphylococcaceae, Staphylococcus,NA,0.0645161290322581,0.00700634116779612,no
8015c5568f448ffbbb49d567a6f518f1,Bacteria; Firmicutes; Bacilli; Lactobacillales,0.994347644529981,Bacteria, Firmicutes, Bacilli, Lactobacillales,NA,NA,NA,0.0645161290322581,0.00135951939499895,no
028acbb720db06698cda259965880579,Bacteria; Proteobacteria; Alphaproteobacteria; Sphingomonadales; Sphingomonadaceae; Novosphingobium,0.9337886247125,Bacteria, Proteobacteria, Alphaproteobacteria, Sphingomonadales, Sphingomonadaceae, Novosphingobium,NA,0.0645161290322581,0.000941518817935713,no
5515e13347f098013c0e4c295f31a06f,Bacteria; Proteobacteria; Gammaproteobacteria; Pasteurellales; Pasteurellaceae,0.999999911433232,Bacteria, Proteobacteria, Gammaproteobacteria, Pasteurellales, Pasteurellaceae,NA,NA,0.0967741935483871,0.00242857998078239,no
92e6854b0a19a845fd9e6aa64d26cd9e,Bacteria; Firmicutes; Bacilli; Staphylococcales; Gemellaceae; Gemella,0.999515262725917,Bacteria, Firmicutes, Bacilli, Staphylococcales, Gemellaceae, Gemella,NA,0.129032258064516,0.00155355019916488,no
9240c7ecfd3c014e501adabff01eecf5,Bacteria; Firmicutes; Bacilli; Lactobacillales; Lactobacillaceae; Lactobacillus,0.980454004022812,Bacteria, Firmicutes, Bacilli, Lactobacillales, Lactobacillaceae, Lactobacillus,NA,0.0967741935483871,0.000426668793279135,no
44681c05d9c7bbd0876387dc71a6861e,Bacteria; Proteobacteria; Alphaproteobacteria; Rhizobiales; Beijerinckiaceae; 1174-901-12,0.997704566505268,Bacteria, Proteobacteria, Alphaproteobacteria, Rhizobiales, Beijerinckiaceae, 1174-901-12,NA,0.0967741935483871,0.000952588074894399,no
f0e0a42069627382751d97a8ffe1e650,Bacteria; Fusobacteriota; Fusobacteriia; Fusobacteriales; Fusobacteriaceae; Fusobacterium,0.999999869320141,Bacteria, Fusobacteriota, Fusobacteriia, Fusobacteriales, Fusobacteriaceae, Fusobacterium,NA,0.0967741935483871,0.00118404066350118,no
277fcb9133ae69aa097c8174883fd5e7,Bacteria; Proteobacteria; Alphaproteobacteria; Acetobacterales; Acetobacteraceae; Endobacter; uncultured_bacterium,0.910277676874617,Bacteria, Proteobacteria, Alphaproteobacteria, Acetobacterales, Acetobacteraceae, Endobacter, uncultured_bacterium,0.0645161290322581,0.00230379552551423,no
93ca53935fd0ba03c0b6d6cdbb977a80,Bacteria; Firmicutes; Bacilli; Staphylococcales; Gemellaceae; Gemella,0.999029878244923,Bacteria, Firmicutes, Bacilli, Staphylococcales, Gemellaceae, Gemella,NA,0.129032258064516,0.00405120634562035,no
4644b41366b8cc3e5aa38631ae00e2f9,Bacteria; Firmicutes; Bacilli; Lactobacillales,0.994142827581625,Bacteria, Firmicutes, Bacilli, Lactobacillales,NA,NA,NA,0.0967741935483871,0.0013611682122054,no
70449abccf87679f3e10a4677aa123db,Bacteria; Acidobacteriota; Acidobacteriae; Acidobacteriales; Acidobacteriaceae_(Subgroup_1); Granulicella,0.920091550864955,Bacteria, Acidobacteriota, Acidobacteriae, Acidobacteriales, Acidobacteriaceae_(Subgroup_1), Granulicella,NA,0.0645161290322581,0.000632818012089968,no
ced0b50b531d365b603d991ec09148d9,Bacteria; Proteobacteria; Alphaproteobacteria; Acetobacterales; Acetobacteraceae,0.999705804734408,Bacteria, Proteobacteria, Alphaproteobacteria, Acetobacterales, Acetobacteraceae,NA,NA,0.0645161290322581,0.00431533578240845,no
4a340363f9c36a698f19f0edca68ab8b,Bacteria; Actinobacteriota; Actinobacteria; Corynebacteriales; Corynebacteriaceae; Corynebacterium,0.926824617749832,Bacteria, Actinobacteriota, Actinobacteria, Corynebacteriales, Corynebacteriaceae, Corynebacterium,NA,0.0967741935483871,0.00198823875344025,no
f84395ff8ee4e864edb652c2e430f8c3,Bacteria; Firmicutes; Bacilli,0.999999976936597,Bacteria, Firmicutes, Bacilli,NA,NA,NA,NA,0.0645161290322581,0.0216060737644012,no
c8ad59f01b1bfd16c615d2e9614278e3,Bacteria; Actinobacteriota; Actinobacteria; Corynebacteriales; Corynebacteriaceae; Corynebacterium; Corynebacterium_durum,0.951049190512399,Bacteria, Actinobacteriota, Actinobacteria, Corynebacteriales, Corynebacteriaceae, Corynebacterium, Corynebacterium_durum,0.129032258064516,0.000838990809470382,no
7c6f060b2e7db8f93f6cc5c1b803f244,Bacteria; Proteobacteria; Gammaproteobacteria; Burkholderiales; Burkholderiaceae; Lautropia,0.999670847819727,Bacteria, Proteobacteria, Gammaproteobacteria, Burkholderiales, Burkholderiaceae, Lautropia,NA,0.0967741935483871,0.00168302499136575,no
2f4af1c7f4de49dabfcba7101bf906c9,Bacteria; Actinobacteriota; Actinobacteria; Corynebacteriales; Corynebacteriaceae; Corynebacterium,0.998056473698424,Bacteria, Actinobacteriota, Actinobacteria, Corynebacteriales, Corynebacteriaceae, Corynebacterium,NA,0.0967741935483871,0.00189983229014767,no
f54006cd3414575f40e4ca0fe41ee4a3,Bacteria; Firmicutes; Bacilli; Lactobacillales,0.993952427062978,Bacteria, Firmicutes, Bacilli, Lactobacillales,NA,NA,NA,0.129032258064516,0.00299065155679367,no
d25d2466b1f7f312062dbd809834d875,Bacteria; Proteobacteria; Gammaproteobacteria; Diplorickettsiales; Diplorickettsiaceae; Rickettsiella,0.989830772445207,Bacteria, Proteobacteria, Gammaproteobacteria, Diplorickettsiales, Diplorickettsiaceae, Rickettsiella,NA,0.0645161290322581,0.00232703283416709,no
ed1e8f1fa4864b8af9f57d79dbef53f9,Bacteria; Proteobacteria; Gammaproteobacteria; Xanthomonadales; Xanthomonadaceae; Stenotrophomonas,0.999102543717931,Bacteria, Proteobacteria, Gammaproteobacteria, Xanthomonadales, Xanthomonadaceae, Stenotrophomonas,NA,0.0967741935483871,0.00348443893823734,no
5304dc18b717ec2ea322e2faa4ee3d30,Bacteria; Proteobacteria; Gammaproteobacteria; Burkholderiales; Neisseriaceae,0.999972293518444,Bacteria, Proteobacteria, Gammaproteobacteria, Burkholderiales, Neisseriaceae,NA,NA,0.0645161290322581,0.000378432092839819,no
2c5ddbd24e3fa7ebd1c8869775e12ec5,Bacteria; Actinobacteriota; Actinobacteria; Micrococcales; Micrococcaceae; Rothia,0.999315279548332,Bacteria, Actinobacteriota, Actinobacteria, Micrococcales, Micrococcaceae, Rothia,NA,0.0645161290322581,0.000889707422822509,no
a13dd396d77587cbc9a93b9e3c1bd6d4,Bacteria; Firmicutes; Bacilli; Staphylococcales; Gemellaceae; Gemella,0.999471143906338,Bacteria, Firmicutes, Bacilli, Staphylococcales, Gemellaceae, Gemella,NA,0.129032258064516,0.00120116739322604,no
b650a5be654c1c54f91925d7cf54ec81,Bacteria; Verrucomicrobiota; Verrucomicrobiae; Chthoniobacterales; Chthoniobacteraceae,0.738236880370884,Bacteria, Verrucomicrobiota, Verrucomicrobiae, Chthoniobacterales, Chthoniobacteraceae,NA,NA,0.0645161290322581,0.00207297716667723,no
cbbf52609c3e413343edaaa8d59045b5,Bacteria; Proteobacteria; Gammaproteobacteria; Burkholderiales; Rhodocyclaceae; Azospira,0.976413922601333,Bacteria, Proteobacteria, Gammaproteobacteria, Burkholderiales, Rhodocyclaceae, Azospira,NA,0.0645161290322581,0.000645803368452505,no
cbefd3799cdc9cb1c7c70e257c115b15,Bacteria; Proteobacteria; Gammaproteobacteria; Pasteurellales; Pasteurellaceae,0.999999934812527,Bacteria, Proteobacteria, Gammaproteobacteria, Pasteurellales, Pasteurellaceae,NA,NA,0.0645161290322581,0.000743188274596719,no
ec016223be6ab08793cac2082a8b7687,Bacteria; Firmicutes; Clostridia; Peptostreptococcales-Tissierellales; Peptostreptococcales-Tissierellales; Peptoniphilus; Peptoniphilaceae_bacterium,0.982954134704881,Bacteria, Firmicutes, Clostridia, Peptostreptococcales-Tissierellales, Peptostreptococcales-Tissierellales, Peptoniphilus, Peptoniphilaceae_bacterium,0.0645161290322581,0.00196436711952937,no
c6c13c916636a2c0c86556b8d3a24ff9,Bacteria; Proteobacteria; Alphaproteobacteria; Caulobacterales; Caulobacteraceae; Brevundimonas,0.999587462083481,Bacteria, Proteobacteria, Alphaproteobacteria, Caulobacterales, Caulobacteraceae, Brevundimonas,NA,0.0645161290322581,0.00110258837557727,no
63d95306accd595e6acff3f72bb13c48,Bacteria; Proteobacteria; Alphaproteobacteria; Rhizobiales; Beijerinckiaceae; 1174-901-12; uncultured_bacterium,0.831290649832733,Bacteria, Proteobacteria, Alphaproteobacteria, Rhizobiales, Beijerinckiaceae, 1174-901-12, uncultured_bacterium,0.0967741935483871,0.000965490391545931,no
51e9a9c5805aff7e6adfbbfa1a4fe942,Bacteria; Verrucomicrobiota; Verrucomicrobiae; Chthoniobacterales; Chthoniobacteraceae; LD29; uncultured_bacterium,0.741563553010273,Bacteria, Verrucomicrobiota, Verrucomicrobiae, Chthoniobacterales, Chthoniobacteraceae, LD29, uncultured_bacterium,0.0645161290322581,0.000680851470250635,no
35658630e52347e1e91ea813d0f8466c,Bacteria; Proteobacteria; Gammaproteobacteria; Enterobacterales; Erwiniaceae,0.71905304699848,Bacteria, Proteobacteria, Gammaproteobacteria, Enterobacterales, Erwiniaceae,NA,NA,0.0967741935483871,0.00204499966127742,no
78da8fb8280a79ea63f394c5a70a044b,Bacteria; Bacteroidota; Bacteroidia; Bacteroidales,0.995085967622356,Bacteria, Bacteroidota, Bacteroidia, Bacteroidales,NA,NA,NA,0.0645161290322581,0.00163910442906042,no
9982adc6993a5ba65bbaca0a39f34542,Bacteria; Actinobacteriota; Actinobacteria; Corynebacteriales; Corynebacteriaceae; Corynebacterium; Corynebacterium_propinquum,0.747166284587103,Bacteria, Actinobacteriota, Actinobacteria, Corynebacteriales, Corynebacteriaceae, Corynebacterium, Corynebacterium_propinquum,0.0967741935483871,0.000683879434624353,no
04a253a78bcb9530dc52df53b09f995b,Bacteria; Firmicutes; Clostridia; Peptostreptococcales-Tissierellales; Peptostreptococcales-Tissierellales; Finegoldia; uncultured_bacterium,0.702049525967044,Bacteria, Firmicutes, Clostridia, Peptostreptococcales-Tissierellales, Peptostreptococcales-Tissierellales, Finegoldia, uncultured_bacterium,0.0967741935483871,0.000670620767391456,no
bc0485c128e6d2283ce2b1d840c8699d,Bacteria; Firmicutes; Clostridia; Peptostreptococcales-Tissierellales; Peptostreptococcales-Tissierellales; Finegoldia; uncultured_bacterium,0.753752575014356,Bacteria, Firmicutes, Clostridia, Peptostreptococcales-Tissierellales, Peptostreptococcales-Tissierellales, Finegoldia, uncultured_bacterium,0.0645161290322581,0.00061836173821633,no
b21419c6adddb04c9b46ab8213ca5355,Bacteria; Bacteroidota; Bacteroidia; Flavobacteriales; Flavobacteriaceae; Flavobacterium,0.999485156031592,Bacteria, Bacteroidota, Bacteroidia, Flavobacteriales, Flavobacteriaceae, Flavobacterium,NA,0.0967741935483871,0.001855159115079,no
883f568cb13fb3faf266f6309c665a43,Bacteria; Bacteroidota; Bacteroidia; Flavobacteriales; Flavobacteriaceae; Flavobacterium,0.999512764069235,Bacteria, Bacteroidota, Bacteroidia, Flavobacteriales, Flavobacteriaceae, Flavobacterium,NA,0.161290322580645,0.0013844884982573,no
c39946cbf72abb079fae9af705d7b103,Bacteria; Bacteroidota; Bacteroidia; Bacteroidales; Prevotellaceae; Prevotella; Prevotella_melaninogenica,0.856513260158213,Bacteria, Bacteroidota, Bacteroidia, Bacteroidales, Prevotellaceae, Prevotella, Prevotella_melaninogenica,0.0645161290322581,0.000598098846471709,no
f252fbb124aa0efc32c12de291a1e6ee,Bacteria; Firmicutes; Bacilli; Lactobacillales; Lactobacillaceae; Lactobacillus,0.999978641183467,Bacteria, Firmicutes, Bacilli, Lactobacillales, Lactobacillaceae, Lactobacillus,NA,0.129032258064516,0.000518130702221931,no
3caa6fba80ec850eccc514c297030a18,Bacteria; Actinobacteriota; Actinobacteria; Corynebacteriales; Corynebacteriaceae; Lawsonella,0.999985986469151,Bacteria, Actinobacteriota, Actinobacteria, Corynebacteriales, Corynebacteriaceae, Lawsonella,NA,0.0645161290322581,0.000450667671944689,no
9d4a7af6c79c0167b1d3658067f06c86,Bacteria; Firmicutes; Clostridia; Peptostreptococcales-Tissierellales; Peptostreptococcales-Tissierellales; Ezakiella,0.999999948178476,Bacteria, Firmicutes, Clostridia, Peptostreptococcales-Tissierellales, Peptostreptococcales-Tissierellales, Ezakiella,NA,0.0645161290322581,0.00168366032753298,no
b43cc432d2332622d47fb2691a555fe5,Bacteria; Proteobacteria; Gammaproteobacteria; Enterobacterales; Yersiniaceae,0.977511195035847,Bacteria, Proteobacteria, Gammaproteobacteria, Enterobacterales, Yersiniaceae,NA,NA,0.0645161290322581,0.000318027563476259,no
bf05a3be5a93a601f9265e44cc305f7f,Bacteria; Proteobacteria; Alphaproteobacteria; Rhizobiales; Beijerinckiaceae,0.98906822937608,Bacteria, Proteobacteria, Alphaproteobacteria, Rhizobiales, Beijerinckiaceae,NA,NA,0.129032258064516,0.00116957864488323,no
aecc37f34c618a9cb23d4f42871df374,Bacteria; Fusobacteriota; Fusobacteriia; Fusobacteriales; Fusobacteriaceae; Fusobacterium,0.999999838508724,Bacteria, Fusobacteriota, Fusobacteriia, Fusobacteriales, Fusobacteriaceae, Fusobacterium,NA,0.129032258064516,0.000860498889455255,no
3ea4ec4d7fd8e5d72eafc5ea95449bd8,Bacteria; Proteobacteria; Alphaproteobacteria; Sphingomonadales; Sphingomonadaceae; Sphingomonas,0.999968392056111,Bacteria, Proteobacteria, Alphaproteobacteria, Sphingomonadales, Sphingomonadaceae, Sphingomonas,NA,0.0645161290322581,0.000389705458116242,no
74ace3ba71b8d4aa1ac7259c3f358725,Bacteria; Proteobacteria; Alphaproteobacteria; Acetobacterales; Acetobacteraceae; Endobacter; uncultured_bacterium,0.95684567730322,Bacteria, Proteobacteria, Alphaproteobacteria, Acetobacterales, Acetobacteraceae, Endobacter, uncultured_bacterium,0.0645161290322581,0.00123397838051305,no
fbe5784c9d1b5e7421cc9ea5959dad1e,Bacteria; Actinobacteriota; Actinobacteria; Corynebacteriales; Corynebacteriaceae; Corynebacterium,0.999310731546226,Bacteria, Actinobacteriota, Actinobacteria, Corynebacteriales, Corynebacteriaceae, Corynebacterium,NA,0.0645161290322581,0.000975870280015831,no
e22f33a5bfcf56b2a897f5f7c51bc2cf,Bacteria; Proteobacteria; Gammaproteobacteria; Pseudomonadales; Pseudomonadaceae; Pseudomonas,0.996420244807048,Bacteria, Proteobacteria, Gammaproteobacteria, Pseudomonadales, Pseudomonadaceae, Pseudomonas,NA,0.0645161290322581,0.000311819429179347,no
7861166a2fcbfa31c1afe928535baf4d,Bacteria; Proteobacteria; Gammaproteobacteria; Pseudomonadales; Moraxellaceae; Acinetobacter,0.99995045042467,Bacteria, Proteobacteria, Gammaproteobacteria, Pseudomonadales, Moraxellaceae, Acinetobacter,NA,0.0645161290322581,0.000289599615183147,no
7259b064c3b74584d70a04ce24ecc804,Bacteria; Proteobacteria; Gammaproteobacteria; Enterobacterales; Enterobacteriaceae; Escherichia-Shigella,0.907076282917353,Bacteria, Proteobacteria, Gammaproteobacteria, Enterobacterales, Enterobacteriaceae, Escherichia-Shigella,NA,0.0645161290322581,0.000933239417241399,no
459e76f5cf1757e843e653dcbd32b6fd,Bacteria; Proteobacteria; Gammaproteobacteria; Pseudomonadales; Moraxellaceae; Acinetobacter,0.998937355196812,Bacteria, Proteobacteria, Gammaproteobacteria, Pseudomonadales, Moraxellaceae, Acinetobacter,NA,0.0645161290322581,0.00189328044711204,no
d12f162af25a6c5f86c283258ec325e6,Bacteria; Firmicutes; Bacilli; Lactobacillales; Carnobacteriaceae; Dolosigranulum,0.999999500242903,Bacteria, Firmicutes, Bacilli, Lactobacillales, Carnobacteriaceae, Dolosigranulum,NA,0.0967741935483871,0.000617670825516052,no
e5234a674f445f61587ca18c95a49873,Bacteria; Firmicutes; Bacilli; Lactobacillales; Aerococcaceae; Abiotrophia; uncultured_bacterium,0.888159401524294,Bacteria, Firmicutes, Bacilli, Lactobacillales, Aerococcaceae, Abiotrophia, uncultured_bacterium,0.0645161290322581,0.000626961697466761,no
a26ce61c59c9711bd4cf64f3d3cef07f,Bacteria; Proteobacteria; Gammaproteobacteria; Pseudomonadales; Pseudomonadaceae; Pseudomonas,0.994643751214982,Bacteria, Proteobacteria, Gammaproteobacteria, Pseudomonadales, Pseudomonadaceae, Pseudomonas,NA,0.0645161290322581,0.00299912507271227,no
219bf2f69acc1098fb43960523c52e7e,Bacteria; Fusobacteriota; Fusobacteriia; Fusobacteriales; Leptotrichiaceae; Leptotrichia,0.999557709427813,Bacteria, Fusobacteriota, Fusobacteriia, Fusobacteriales, Leptotrichiaceae, Leptotrichia,NA,0.0645161290322581,0.000460442679268687,no
5d4f260213e1613a8a94eae765f2ba19,Bacteria; Proteobacteria; Alphaproteobacteria; Sphingomonadales; Sphingomonadaceae; Sphingomonas,0.772355581218141,Bacteria, Proteobacteria, Alphaproteobacteria, Sphingomonadales, Sphingomonadaceae, Sphingomonas,NA,0.161290322580645,0.00163940300081632,no
ff118db0f69d176269efa8be70714d29,Bacteria; Proteobacteria; Alphaproteobacteria; Acetobacterales; Acetobacteraceae; Endobacter; uncultured_bacterium,0.920694572051318,Bacteria, Proteobacteria, Alphaproteobacteria, Acetobacterales, Acetobacteraceae, Endobacter, uncultured_bacterium,0.0967741935483871,0.000697409789592856,no
dedefca66cef8bed0486133f1d887494,Bacteria; Proteobacteria; Gammaproteobacteria; Enterobacterales; Enterobacteriaceae,0.872009826824833,Bacteria, Proteobacteria, Gammaproteobacteria, Enterobacterales, Enterobacteriaceae,NA,NA,0.0645161290322581,0.000284297886690994,no
b8e7c92d2c7de3b4e7bfe58e54715a4e,Bacteria; Firmicutes; Bacilli; Staphylococcales; Staphylococcaceae; Staphylococcus,0.85647037834872,Bacteria, Firmicutes, Bacilli, Staphylococcales, Staphylococcaceae, Staphylococcus,NA,0.0645161290322581,0.000131179110603142,no
77ef902dbddd613ba9aa6484a9bc3317,Bacteria; Actinobacteriota; Actinobacteria; Micrococcales; Micrococcaceae; Rothia,0.996609960843715,Bacteria, Actinobacteriota, Actinobacteria, Micrococcales, Micrococcaceae, Rothia,NA,0.0645161290322581,0.000574754740601202,no
dc2d14b49137f6bd0b2ad6d08f3a38ed,Bacteria; Firmicutes; Clostridia; Peptostreptococcales-Tissierellales; Peptostreptococcales-Tissierellales; Fenollaria; uncultured_bacterium,0.741405410743933,Bacteria, Firmicutes, Clostridia, Peptostreptococcales-Tissierellales, Peptostreptococcales-Tissierellales, Fenollaria, uncultured_bacterium,0.0967741935483871,0.000971138245764898,no
c6c3dd600b7a71786a2df7049f5ceff6,Bacteria; Actinobacteriota; Actinobacteria; Micrococcales; Microbacteriaceae; Amnibacterium,0.744625798788581,Bacteria, Actinobacteriota, Actinobacteria, Micrococcales, Microbacteriaceae, Amnibacterium,NA,0.0967741935483871,0.000376479937633013,no
eac8a9e3f26c5cf8338a97e65cefd9a8,Bacteria; Proteobacteria; Alphaproteobacteria; Rhizobiales; Beijerinckiaceae,0.990073551457277,Bacteria, Proteobacteria, Alphaproteobacteria, Rhizobiales, Beijerinckiaceae,NA,NA,0.0645161290322581,0.000298039997264446,no
98c97333650143cae7892ff753e69af8,Bacteria; Actinobacteriota; Actinobacteria; Micrococcales; Micrococcaceae; Micrococcus,0.966713896991835,Bacteria, Actinobacteriota, Actinobacteria, Micrococcales, Micrococcaceae, Micrococcus,NA,0.0645161290322581,0.00102687098111542,no
963332e5f8a4810b460189d3f92dba14,Bacteria; Actinobacteriota; Actinobacteria; Actinomycetales; Actinomycetaceae; Actinomyces,0.999984922715847,Bacteria, Actinobacteriota, Actinobacteria, Actinomycetales, Actinomycetaceae, Actinomyces,NA,0.0645161290322581,0.000635870954831795,no
798b1260043e4f4e6fec6213b1b365fa,Bacteria; Proteobacteria; Alphaproteobacteria; Acetobacterales; Acetobacteraceae,0.999933376297075,Bacteria, Proteobacteria, Alphaproteobacteria, Acetobacterales, Acetobacteraceae,NA,NA,0.0645161290322581,0.000315952923029727,no
a4cb9127f5840951ab94eddb94730b2e,Bacteria; Bacteroidota; Bacteroidia; Flavobacteriales; Weeksellaceae; Chryseobacterium,0.999566040110812,Bacteria, Bacteroidota, Bacteroidia, Flavobacteriales, Weeksellaceae, Chryseobacterium,NA,0.0645161290322581,0.000417452380226154,no
e13f7c382a18a68e272e71ab1aa40bb7,Bacteria; Actinobacteriota; Actinobacteria; Micrococcales; Micrococcaceae; Rothia,0.995609150426862,Bacteria, Actinobacteriota, Actinobacteria, Micrococcales, Micrococcaceae, Rothia,NA,0.0645161290322581,0.000350614240706901,no
d63aa9b765a432b77f0413fec16fda2a,Bacteria; Proteobacteria; Alphaproteobacteria; Rhizobiales; Beijerinckiaceae,0.918019074246074,Bacteria, Proteobacteria, Alphaproteobacteria, Rhizobiales, Beijerinckiaceae,NA,NA,0.0645161290322581,0.00110250946168532,no
90890aa5e3f42e2bbd5a8fb419006658,Bacteria; Firmicutes; Clostridia; Clostridia_UCG-014; Clostridia_UCG-014; Clostridia_UCG-014; uncultured_bacterium,0.72671693945505,Bacteria, Firmicutes, Clostridia, Clostridia_UCG-014, Clostridia_UCG-014, Clostridia_UCG-014, uncultured_bacterium,0.0645161290322581,0.000334887796169992,no
8159dc516d9df44d7d9f5f642b8930df,Bacteria; Proteobacteria; Gammaproteobacteria; Burkholderiales; Chromobacteriaceae; Vogesella,0.999896179436658,Bacteria, Proteobacteria, Gammaproteobacteria, Burkholderiales, Chromobacteriaceae, Vogesella,NA,0.0645161290322581,0.000149636489654408,no
7c125a28e16f6d1f492809a98dedbe5b,Unassigned,0.605848713381392,Unassigned,NA,NA,NA,NA,NA,NA,0.0645161290322581,0.000274532172973382,no
ebdc3a44318696e0c2bf839e2976c5e7,Bacteria; Actinobacteriota; Actinobacteria; Frankiales; Frankiaceae; Jatrophihabitans,0.935672730024397,Bacteria, Actinobacteriota, Actinobacteria, Frankiales, Frankiaceae, Jatrophihabitans,NA,0.0645161290322581,0.000416248986586831,no
1304c45c8040a1c6983e736de424e0f5,Bacteria; Firmicutes; Bacilli; Lactobacillales; Streptococcaceae; Streptococcus,0.999742125665539,Bacteria, Firmicutes, Bacilli, Lactobacillales, Streptococcaceae, Streptococcus,NA,0.0645161290322581,0.000325901770059739,no
7461a18d2256dc73090c855352864107,Bacteria; Proteobacteria; Alphaproteobacteria; Caulobacterales; Caulobacteraceae,0.995888979173298,Bacteria, Proteobacteria, Alphaproteobacteria, Caulobacterales, Caulobacteraceae,NA,NA,0.0645161290322581,0.000481394846506825,no
74ba68d964efb966be731adf3f09e55d,Bacteria; Fusobacteriota; Fusobacteriia; Fusobacteriales; Leptotrichiaceae; Leptotrichia; uncultured_bacterium,0.763983395267186,Bacteria, Fusobacteriota, Fusobacteriia, Fusobacteriales, Leptotrichiaceae, Leptotrichia, uncultured_bacterium,0.0645161290322581,0.000557675397794066,no
82770d17674a6e67f7c8f59a4e63bb95,Bacteria; Firmicutes; Bacilli; Lactobacillales; Aerococcaceae; Abiotrophia; uncultured_bacterium,0.899798027132705,Bacteria, Firmicutes, Bacilli, Lactobacillales, Aerococcaceae, Abiotrophia, uncultured_bacterium,0.0645161290322581,0.00180695932098421,no
ca950393f8a6691902b170c539ec1791,Bacteria; Proteobacteria; Alphaproteobacteria; Rhizobiales; Beijerinckiaceae,0.9247067016077,Bacteria, Proteobacteria, Alphaproteobacteria, Rhizobiales, Beijerinckiaceae,NA,NA,0.0645161290322581,0.000230797419032581,no
334722d50f69b43a5e329ca304d44831,Bacteria; Actinobacteriota; Actinobacteria; Micrococcales; Brevibacteriaceae; Brevibacterium; Brevibacterium_ravenspurgense,0.937717316923301,Bacteria, Actinobacteriota, Actinobacteria, Micrococcales, Brevibacteriaceae, Brevibacterium, Brevibacterium_ravenspurgense,0.0645161290322581,0.000221499488915641,no
d645c19e488f3ec4c05c082e83a86e93,Archaea,0.756625407149382,Archaea,NA,NA,NA,NA,NA,NA,0.0645161290322581,0.00337611608320991,no
45893b363430fe5867978fd94b65ede7,Bacteria; Proteobacteria; Alphaproteobacteria; Caulobacterales; Caulobacteraceae,0.999492560340295,Bacteria, Proteobacteria, Alphaproteobacteria, Caulobacterales, Caulobacteraceae,NA,NA,0.0645161290322581,0.000160645060025745,no
6d41fbe380e57210c91baef4354d4f1f,Bacteria; Proteobacteria; Gammaproteobacteria; Pasteurellales; Pasteurellaceae,0.999999923215428,Bacteria, Proteobacteria, Gammaproteobacteria, Pasteurellales, Pasteurellaceae,NA,NA,0.0645161290322581,0.00057565549263981,no
a53c4dfe916b15e952e1e41ca4f49072,Bacteria; Proteobacteria; Gammaproteobacteria; Xanthomonadales; Xanthomonadaceae; Lysobacter,0.967128958425571,Bacteria, Proteobacteria, Gammaproteobacteria, Xanthomonadales, Xanthomonadaceae, Lysobacter,NA,0.0645161290322581,0.000265181794671882,no
696ae8f68f974c9656ad3ff6cdc9c48f,Bacteria; Proteobacteria; Alphaproteobacteria; Rhizobiales; Beijerinckiaceae; 1174-901-12; uncultured_bacterium,0.85637209556763,Bacteria, Proteobacteria, Alphaproteobacteria, Rhizobiales, Beijerinckiaceae, 1174-901-12, uncultured_bacterium,0.0645161290322581,8.62650338455665e-05,no
eba9df3372b854fe6d35a0f22765644e,Bacteria; Proteobacteria; Gammaproteobacteria; Burkholderiales; Oxalobacteraceae; Massilia,0.998243111577229,Bacteria, Proteobacteria, Gammaproteobacteria, Burkholderiales, Oxalobacteraceae, Massilia,NA,0.0645161290322581,0.000232690521914783,no
ece8b4d40bff92791b566a75f2c1d6c3,Bacteria; Firmicutes; Negativicutes; Veillonellales-Selenomonadales; Veillonellaceae; Veillonella,0.999948867915253,Bacteria, Firmicutes, Negativicutes, Veillonellales-Selenomonadales, Veillonellaceae, Veillonella,NA,0.0645161290322581,0.00146600216029591,no
9ccade59d577e6b33c8126f9a30a428d,Bacteria; Proteobacteria; Alphaproteobacteria; Acetobacterales; Acetobacteraceae,0.99935234948583,Bacteria, Proteobacteria, Alphaproteobacteria, Acetobacterales, Acetobacteraceae,NA,NA,0.0645161290322581,0.000606518045260405,no
57b1b5f3cafe17b8177fbf296fdf1662,Bacteria; Firmicutes; Bacilli; Lactobacillales; Aerococcaceae; Abiotrophia; uncultured_bacterium,0.875754585644036,Bacteria, Firmicutes, Bacilli, Lactobacillales, Aerococcaceae, Abiotrophia, uncultured_bacterium,0.0645161290322581,0.000157134629115842,no
4a68f8087e7b4a71583a1d104696efd5,Bacteria; Actinobacteriota; Actinobacteria; Micrococcales; Micrococcaceae; Rothia; Rothia_aeria,0.787799722491724,Bacteria, Actinobacteriota, Actinobacteria, Micrococcales, Micrococcaceae, Rothia, Rothia_aeria,0.0645161290322581,0.000973423965865496,no
a86d59c1e293680cbb44ac8cb86c9ae9,Bacteria; Firmicutes; Bacilli; Lactobacillales; Carnobacteriaceae; Granulicatella,0.706808542985819,Bacteria, Firmicutes, Bacilli, Lactobacillales, Carnobacteriaceae, Granulicatella,NA,0.0645161290322581,0.000317688499142109,no
57d1dd3d251de89a6ea3a54ff26911a8,Bacteria; Proteobacteria; Alphaproteobacteria; Rhizobiales; Rhizobiaceae,0.999442862251733,Bacteria, Proteobacteria, Alphaproteobacteria, Rhizobiales, Rhizobiaceae,NA,NA,0.0645161290322581,0.000293499225951501,no
a3258e1f30e8a717e0e41288368a479e,Bacteria; Firmicutes; Bacilli; Bacillales; Planococcaceae; Kurthia,0.775860144934677,Bacteria, Firmicutes, Bacilli, Bacillales, Planococcaceae, Kurthia,NA,0.0645161290322581,5.15628939229152e-05,no
14adbe7e7a205ad343d7722b877ca183,Bacteria; Firmicutes; Bacilli; Lactobacillales; Carnobacteriaceae; Dolosigranulum,0.999999669938028,Bacteria, Firmicutes, Bacilli, Lactobacillales, Carnobacteriaceae, Dolosigranulum,NA,0.0645161290322581,0.00010351877237751,no
32f3d80763522e17780c5576de395f4e,Bacteria; Actinobacteriota; Actinobacteria; Corynebacteriales; Corynebacteriaceae; Lawsonella,0.999987953345646,Bacteria, Actinobacteriota, Actinobacteria, Corynebacteriales, Corynebacteriaceae, Lawsonella,NA,0.0645161290322581,0.000158835229210857,no
41100c6221f908f29c2dd9ab7e1b3860,Bacteria,0.942177033026964,Bacteria,NA,NA,NA,NA,NA,NA,0.0645161290322581,0.000158681957696307,no
330e77df79258dc0711e8f722088b028,Bacteria; Proteobacteria; Alphaproteobacteria; Rhizobiales; Beijerinckiaceae; Methylobacterium-Methylorubrum; Methylobacterium_cerastii,0.72092100953921,Bacteria, Proteobacteria, Alphaproteobacteria, Rhizobiales, Beijerinckiaceae, Methylobacterium-Methylorubrum, Methylobacterium_cerastii,0.0645161290322581,0.000681887739487054,no
e49ae678a129fb6b8a3ddea373201335,Bacteria; Proteobacteria; Alphaproteobacteria; Rhizobiales; Beijerinckiaceae; 1174-901-12,0.977962066375996,Bacteria, Proteobacteria, Alphaproteobacteria, Rhizobiales, Beijerinckiaceae, 1174-901-12,NA,0.0645161290322581,0.00116031746789791,no
64680654aa1af11bf7c0ac3b25243dde,Bacteria; Firmicutes; Bacilli; Entomoplasmatales; Spiroplasmataceae; Spiroplasma,0.999999821774398,Bacteria, Firmicutes, Bacilli, Entomoplasmatales, Spiroplasmataceae, Spiroplasma,NA,0.0645161290322581,0.000108635100969959,no
f80f1ce66d8d06d5d5208d8785e89cda,Bacteria; Actinobacteriota; Thermoleophilia; Solirubrobacterales; Solirubrobacteraceae; Patulibacter,0.999983551312543,Bacteria, Actinobacteriota, Thermoleophilia, Solirubrobacterales, Solirubrobacteraceae, Patulibacter,NA,0.0645161290322581,0.000463943189582416,no
37d02e583844f17ffde2bd299cd9a812,Bacteria; Actinobacteriota; Actinobacteria; Micrococcales; Microbacteriaceae,0.999480903345811,Bacteria, Actinobacteriota, Actinobacteria, Micrococcales, Microbacteriaceae,NA,NA,0.0645161290322581,0.000129150575426162,no
cc67e6b96eeab5fa3ce5c8030e685cc5,Bacteria; Myxococcota; Myxococcia; Myxococcales; Myxococcaceae; P3OB-42; uncultured_bacterium,0.76683071120238,Bacteria, Myxococcota, Myxococcia, Myxococcales, Myxococcaceae, P3OB-42, uncultured_bacterium,0.0645161290322581,0.000985258316317914,no
50c571a488a36f5bd245fec09e7e103b,Bacteria; Firmicutes; Bacilli; Lactobacillales; Aerococcaceae; Abiotrophia; uncultured_bacterium,0.868483144519387,Bacteria, Firmicutes, Bacilli, Lactobacillales, Aerococcaceae, Abiotrophia, uncultured_bacterium,0.0645161290322581,0.000391376569368557,no
924686f08ec54103d6f3d59f8b6a22b1,Bacteria; Actinobacteriota; Actinobacteria; Micrococcales; Brevibacteriaceae; Brevibacterium,0.996156666933119,Bacteria, Actinobacteriota, Actinobacteria, Micrococcales, Brevibacteriaceae, Brevibacterium,NA,0.0645161290322581,0.000224410197385534,no
06cf02e27cff2b9aa0a304be20f12480,Bacteria; Bacteroidota; Bacteroidia; Flavobacteriales; Weeksellaceae; Bergeyella; uncultured_bacterium,0.972208209969748,Bacteria, Bacteroidota, Bacteroidia, Flavobacteriales, Weeksellaceae, Bergeyella, uncultured_bacterium,0.0645161290322581,2.32664548873148e-05,no
